Feature,Min,Max,Mean,Std Dev
req_count,5.0,10.0,9.999181267398068,0.0639817396579762
error_rate,0.0,0.0,0.0,0.0
avg_response_time,155.5,222.4,179.0256918290486,26.049612643162874
max_response_time,157.0,289.0,194.34927132798427,28.819780677734354
payload_mean,0.0,174.9,31.93846405763878,24.131467139825574
unique_endpoints,2.0,10.0,6.522187653512363,2.2201081900492876
repeat_rate,0.1,0.9,0.32228590142459473,0.17686208743495432
status_entropy,-0.0,-0.0,0.0,0.0
